Method,Name,Error,Occurrences
POST,/api/v1/agents/76baadf1-c95a-42e9-8b6e-4c345de832a3/execute,CatchResponseError('Execute Agent failed: <html>\r\n<head><title>504 Gateway Time-out</title></head>\r\n<body>\r\n<center><h1>504 Gateway Time-out</h1></center>\r\n<hr><center>nginx/1.29.3</center>\r\n</body>\r\n</html>\r\n'),1
POST,/api/v1/agents/1fc4752f-bc96-4978-b7fb-343a66556047/execute,CatchResponseError('Execute Agent failed: <html>\r\n<head><title>504 Gateway Time-out</title></head>\r\n<body>\r\n<center><h1>504 Gateway Time-out</h1></center>\r\n<hr><center>nginx/1.29.3</center>\r\n</body>\r\n</html>\r\n'),1
POST,/api/v1/agents/e5d60fe4-298d-4dee-99ce-7f2a0c55dbbe/execute,CatchResponseError('Execute Agent failed: <html>\r\n<head><title>504 Gateway Time-out</title></head>\r\n<body>\r\n<center><h1>504 Gateway Time-out</h1></center>\r\n<hr><center>nginx/1.29.3</center>\r\n</body>\r\n</html>\r\n'),1
POST,/api/v1/agents/ac799219-82c9-4769-b5c9-91692d19bedf/execute,CatchResponseError('Execute Agent failed: <html>\r\n<head><title>504 Gateway Time-out</title></head>\r\n<body>\r\n<center><h1>504 Gateway Time-out</h1></center>\r\n<hr><center>nginx/1.29.3</center>\r\n</body>\r\n</html>\r\n'),1
POST,/api/v1/agents/dbf7d03c-d545-4703-a1e9-ce00a2032e31/execute,CatchResponseError('Execute Agent failed: <html>\r\n<head><title>504 Gateway Time-out</title></head>\r\n<body>\r\n<center><h1>504 Gateway Time-out</h1></center>\r\n<hr><center>nginx/1.29.3</center>\r\n</body>\r\n</html>\r\n'),1
POST,/api/v1/agents/e8ef2f29-c607-4791-b96a-58d53b5e6d1a/execute,CatchResponseError('Execute Agent failed: <html>\r\n<head><title>504 Gateway Time-out</title></head>\r\n<body>\r\n<center><h1>504 Gateway Time-out</h1></center>\r\n<hr><center>nginx/1.29.3</center>\r\n</body>\r\n</html>\r\n'),1
POST,/api/v1/agents/f4020843-b163-44c3-ab13-62d9c4a3e51c/execute,CatchResponseError('Execute Agent failed: <html>\r\n<head><title>504 Gateway Time-out</title></head>\r\n<body>\r\n<center><h1>504 Gateway Time-out</h1></center>\r\n<hr><center>nginx/1.29.3</center>\r\n</body>\r\n</html>\r\n'),1
POST,/api/v1/agents/73beed48-a4b2-47be-9625-849eb2d41550/execute,CatchResponseError('Execute Agent failed: <html>\r\n<head><title>504 Gateway Time-out</title></head>\r\n<body>\r\n<center><h1>504 Gateway Time-out</h1></center>\r\n<hr><center>nginx/1.29.3</center>\r\n</body>\r\n</html>\r\n'),1
POST,/api/v1/agents/51d9f409-1ecc-41f6-ae70-eb98953e5170/execute,CatchResponseError('Execute Agent failed: <html>\r\n<head><title>504 Gateway Time-out</title></head>\r\n<body>\r\n<center><h1>504 Gateway Time-out</h1></center>\r\n<hr><center>nginx/1.29.3</center>\r\n</body>\r\n</html>\r\n'),1
POST,/api/v1/agents/c8efe09c-bd7e-4e3c-96ea-321ac7578d0e/execute,CatchResponseError('Execute Agent failed: <html>\r\n<head><title>504 Gateway Time-out</title></head>\r\n<body>\r\n<center><h1>504 Gateway Time-out</h1></center>\r\n<hr><center>nginx/1.29.3</center>\r\n</body>\r\n</html>\r\n'),1
POST,/api/v1/agents/f7bab17b-96a0-4c4e-ba82-6f9f744b2422/execute,CatchResponseError('Execute Agent failed: <html>\r\n<head><title>504 Gateway Time-out</title></head>\r\n<body>\r\n<center><h1>504 Gateway Time-out</h1></center>\r\n<hr><center>nginx/1.29.3</center>\r\n</body>\r\n</html>\r\n'),1
POST,/api/v1/agents/6388b8eb-7e63-48b5-8eee-17ac893f0ccd/execute,CatchResponseError('Execute Agent failed: <html>\r\n<head><title>504 Gateway Time-out</title></head>\r\n<body>\r\n<center><h1>504 Gateway Time-out</h1></center>\r\n<hr><center>nginx/1.29.3</center>\r\n</body>\r\n</html>\r\n'),1
POST,/api/v1/agents/198b8d4c-e56d-490d-b757-197b27a864c8/execute,CatchResponseError('Execute Agent failed: <html>\r\n<head><title>504 Gateway Time-out</title></head>\r\n<body>\r\n<center><h1>504 Gateway Time-out</h1></center>\r\n<hr><center>nginx/1.29.3</center>\r\n</body>\r\n</html>\r\n'),1
POST,/api/v1/agents/c89a2242-6e53-4596-9101-82d874999dcb/execute,CatchResponseError('Execute Agent failed: <html>\r\n<head><title>504 Gateway Time-out</title></head>\r\n<body>\r\n<center><h1>504 Gateway Time-out</h1></center>\r\n<hr><center>nginx/1.29.3</center>\r\n</body>\r\n</html>\r\n'),1
